{"schemaVersion":"1.0","appDefinitionTemplate":{"id":"/providers/Microsoft.PowerApps/apps/","type":"Microsoft.PowerApps/apps","tags":{"primaryDeviceWidth":"1366","primaryDeviceHeight":"768","supportsPortrait":"true","supportsLandscape":"true","primaryFormFactor":"Tablet","showStatusBar":"false","publisherVersion":"3.25044.10","minimumRequiredApiVersion":"2.2.0","hasComponent":"false","hasUnlockedComponent":"false","isUnifiedRootApp":"false","sienaVersion":"20250513T093450Z-3.25044.10.0"},"properties":{"appVersion":"2025-05-13T09:34:50Z","lifeCycleId":"Published","createdByClientVersion":{"major":3,"minor":25044,"build":10,"revision":0,"majorRevision":0,"minorRevision":0},"minClientVersion":{"major":3,"minor":25044,"build":10,"revision":0,"majorRevision":0,"minorRevision":0},"backgroundColor":"RGBA(0,176,240,1)","backgroundImageUri":"/7815766371201170572/N5d8783d8-e61f-4619-9ea0-b3206b8f4f5b-logoSmallFile","displayName":"Protocolos","description":"","commitMessage":"","appUris":{"documentUri":{"value":"/7815766371201170572/Nacb1167f-a55f-4b2f-b207-b4b2758c7c12-document.msapp"},"imageUris":[],"additionalUris":[{"isSolutionAware":false,"value":"/7815766371201170572/Nd9d563f1-40fa-4b66-b72f-d666ec21023e-identity.json"}]},"createdTime":"0001-01-01T00:00:00Z","lastModifiedTime":"0001-01-01T00:00:00Z","sharedGroupsCount":0,"sharedUsersCount":0,"connectionReferences":{"d0e58c3a-f1ef-43d6-8e8b-dd00135c5fea":{"id":"edf49dbf-38b6-422d-a5a7-c3070f3b4e88","displayName":"SharePoint","iconUri":"https://conn-afd-prod-endpoint-bmc9bqahasf3grgk.b01.azurefd.net/releases/v1.0.1746/1.0.1746.4174/sharepointonline/icon.png","dataSources":["Lista1"],"dependencies":[],"dependents":[],"parameterHints":{},"parameterHintsV2":{},"isOnPremiseConnection":false,"bypassConsent":false,"dataSets":{"https://pssjd.sharepoint.com/sites/HospitalAljarafe.InformacionDocumental":{"dataSources":{"Lista1":{"tableName":"a0b8739e-b6c0-4166-8438-be5a0325b024"}}}},"apiTier":"Standard","isCustomApiConnection":false}},"databaseReferences":{},"almMode":"Environment","performanceOptimizationEnabled":true,"canConsumeAppPass":true,"enableModernRuntimeMode":false,"executionRestrictions":{"isTeamsOnly":false,"dataLossPreventionEvaluationResult":{"status":"Compliant","lastEvaluationDate":"2025-05-13T09:34:57.3914684Z","violations":[],"violationsByPolicy":[],"violationErrorMessage":"La aplicación usa los siguientes conectores: shared_sharepointonline."}}},"isAppComponentLibrary":false,"appType":"ClassicCanvasApp","appComponents":[]}}